[{"nombre": "Arroz con lentejas", "ingrediente": [{"nombre": "Lentejas", "cantidad": "50gr"}, {"nombre": "Arroz", "cantidad": "50gr"}, {"nombre": "Cebolla", "cantidad": "100gr"}, {"nombre": "Sal", "cantidad": "1u"}, {"nombre": "Pimienta", "cantidad": "1u"}, {"nombre": "Yogur", "cantidad": "125gr"}, {"nombre": "Lim\u00f3n", "cantidad": "1/2u"}, {"nombre": "Perejil", "cantidad": "1u"}], "paso": [{"descripcion": "Poner a remojo lentejas la noche anterior"}, {"descripcion": "Cocer lentejas 10 minutos"}, {"descripcion": "Freir cebolla en tiras"}, {"descripcion": "Echar agua, arroz y lentejas en la sarten y cocer 20 minutos"}, {"descripcion": "Hacer la salsa con yogur, lim\u00f3n y perejil"}]}, {"nombre": "Arroz frito chino", "ingrediente": [{"nombre": "Arroz", "cantidad": "100gr"}, {"nombre": "Pimiento", "cantidad": "100gr"}, {"nombre": "Ajo", "cantidad": "1/2 cucharada"}, {"nombre": "Genjibre", "cantidad": "1/2 cucharada"}, {"nombre": "Pollo", "cantidad": "250gr"}, {"nombre": "Maicena", "cantidad": "1 cucharada"}, {"nombre": "Salsa de soja", "cantidad": "1u"}, {"nombre": "Aceite", "cantidad": "1u"}, {"nombre": "Huevos", "cantidad": "2u"}], "paso": [{"descripcion": "Cocer arroz y poner en la nevera unas horas"}, {"descripcion": "Hacer la tortilla"}, {"descripcion": "Freir carne"}, {"descripcion": "Freir verduras y condimentar con ajo, genjibre y sal"}, {"descripcion": "Echar dos cucharadas de salsa de soja al arroz y freirlo durante 2 minutos"}]}, {"nombre": "Garbanzos y verduras con curry", "ingrediente": [{"nombre": "Garbanzos", "cantidad": "250gr"}, {"nombre": "Cebolla", "cantidad": "150gr"}, {"nombre": "Calabacin", "cantidad": "1u"}, {"nombre": "Aceite", "cantidad": "1u"}, {"nombre": "Sal", "cantidad": "1u"}, {"nombre": "Pimienta", "cantidad": "1u"}, {"nombre": "Curry", "cantidad": "1 cucharada"}, {"nombre": "Tomate frito", "cantidad": "150gr"}, {"nombre": "Yogur griego", "cantidad": "125gr"}, {"nombre": "Lim\u00f3n", "cantidad": "1/2u"}, {"nombre": "Perejil", "cantidad": "1u"}], "paso": [{"descripcion": "Freir las verduras"}, {"descripcion": "A\u00f1adir 1 cucharada de curry, tomate frito y garbanzos"}, {"descripcion": "Cocinar 10 minutos"}, {"descripcion": "Hacer la salsa con el yogur, lim\u00f3n, sal y perejil y dejar en nevera"}, {"descripcion": "A\u00f1adir salsa en la base del plato y encima los garbanzos con el tomate y curry"}]}, {"nombre": "Lentejas", "ingrediente": [{"nombre": "Lentejas", "cantidad": "100gr"}, {"nombre": "Caldo de verduras", "cantidad": "400ml"}, {"nombre": "Zanahoria", "cantidad": "2u"}, {"nombre": "Pimiento", "cantidad": "150gr"}, {"nombre": "Ajo", "cantidad": "1u"}, {"nombre": "Piment\u00f3n dulce", "cantidad": "1 cucharada"}, {"nombre": "Pimienta", "cantidad": "1u"}, {"nombre": "Sal", "cantidad": "1u"}, {"nombre": "Aceite", "cantidad": "1 cucharada"}], "paso": [{"descripcion": "Poner a remojo las lentejas la noche anterior 8 horas"}, {"descripcion": "En una olla introducir verduras, lentejas y caldo de verduras"}, {"descripcion": "Condimentar con sal, ajo, pimienta y piment\u00f3n"}, {"descripcion": "Cocer durante 1 hora"}]}, {"nombre": "Macarrones guisados", "ingrediente": [{"nombre": "Macarrones", "cantidad": "100gr"}, {"nombre": "Cebolla", "cantidad": "125gr"}, {"nombre": "Pimientos", "cantidad": "125gr"}, {"nombre": "Zanahoria", "cantidad": "2u"}, {"nombre": "Sal", "cantidad": "1u"}, {"nombre": "Pimienta", "cantidad": "1u"}, {"nombre": "Aceite", "cantidad": "1u"}, {"nombre": "Piment\u00f3n dulce", "cantidad": "1 cucharada"}, {"nombre": "Ajo", "cantidad": "1u"}, {"nombre": "Tomate frito", "cantidad": "150gr"}, {"nombre": "Caldo de verduras", "cantidad": "300ml"}], "paso": [{"descripcion": "En una olla freir cebolla, pimientos y zanahoria "}, {"descripcion": "Condimentar con sal, pimienta, piment\u00f3n"}, {"descripcion": "A\u00f1adir caldo de verduras y tomate frito"}, {"descripcion": "A\u00f1adir macarrones y cocer durante 10 minutos"}]}, {"nombre": "Pollo agridulce", "ingrediente": [{"nombre": "Pechuga de pollo", "cantidad": "300gr"}, {"nombre": "Sal", "cantidad": "1u"}, {"nombre": "Pimienta", "cantidad": "1u"}, {"nombre": "Ajo", "cantidad": "1u"}, {"nombre": "Piment\u00f3n dulce", "cantidad": "1u"}, {"nombre": "Maicena", "cantidad": "1 cucharada"}, {"nombre": "Zumo naranja", "cantidad": "1u"}, {"nombre": "Salsa de soja", "cantidad": "2 cucharadas"}, {"nombre": "Miel", "cantidad": "1 cucharada"}], "paso": [{"descripcion": "Cortar pollo en trozos"}, {"descripcion": "Condimentar con sal, pimienta, ajo, piment\u00f3n y maicena"}, {"descripcion": "Remover el pollo y sazonado y reposar en nevera"}, {"descripcion": "Para hacer la salsa verter en la sart\u00e9n, zumo naranja, ajo, miel, salsa de soja y maicena diluida en agua fria"}, {"descripcion": "Remover hasta que espese y a\u00f1adir el pollo"}]}, {"nombre": "Pollo al lim\u00f3n", "ingrediente": [{"nombre": "Pollo", "cantidad": "300gr"}, {"nombre": "Huevo", "cantidad": "1u"}, {"nombre": "Pan rallado", "cantidad": "80gr"}, {"nombre": "Maicena", "cantidad": "1 cucharada"}, {"nombre": "Edulcorante", "cantidad": "1 cucharada"}, {"nombre": "Salsa de soja", "cantidad": "1 cucharada"}, {"nombre": "Miel", "cantidad": "1 cucharada"}, {"nombre": "Lim\u00f3n", "cantidad": "1/2u"}], "paso": [{"descripcion": "Pasar pollo por un huevo batido"}, {"descripcion": "Rebozar pollo en pan rallado"}, {"descripcion": "Freir pollo"}, {"descripcion": "Mezclar lim\u00f3n, edulcorante, salsa de soja, miel y maicena en frio"}, {"descripcion": "Hervir la salsa y remover hasta que espese"}]}, {"nombre": "Pastel de manzana", "ingrediente": [{"nombre": "Harina de avena", "cantidad": "100gr"}, {"nombre": "Levadura", "cantidad": "1 cucharada"}, {"nombre": "Huevos", "cantidad": "2u"}, {"nombre": "Manzana", "cantidad": "1u"}, {"nombre": "Edulcorante", "cantidad": "1 cucharada"}, {"nombre": "Leche", "cantidad": "50ml"}], "paso": [{"descripcion": "En un recipiente mezclar harina y levadura"}, {"descripcion": "Echar dos huevos y hacer una masa"}, {"descripcion": "A la masa echar edulcorante y la leche"}, {"descripcion": "A\u00f1adir manzana pelada y troceada a la masa y mezclar"}, {"descripcion": "En el microondas a potencia media durante 8 minutos"}]}, {"nombre": "Pastel de cafe", "ingrediente": [{"nombre": "Leche", "cantidad": "1 litro"}, {"nombre": "Maicena", "cantidad": "2 sobres"}, {"nombre": "Edulcorante", "cantidad": "1 cucharada"}, {"nombre": "Caf\u00e9", "cantidad": "1 taza"}, {"nombre": "Cacao en polvo", "cantidad": "1 cucharada"}], "paso": [{"descripcion": "Verter la leche, caf\u00e9, edulcorante y maicena y remover bien en frio"}, {"descripcion": "A fuego medio seguir removiendo hasta alcanzar textura deseada"}, {"descripcion": "Dejar enfriar 4 horas en nevera"}, {"descripcion": "Poner cacao en polvo opcionalmente"}]}, {"nombre": "Paella de pollo", "ingrediente": [{"nombre": "Arroz", "cantidad": "100gr"}, {"nombre": "Pollo", "cantidad": "250gr"}, {"nombre": "Cebolla", "cantidad": "100gr"}, {"nombre": "Pimiento", "cantidad": "100gr"}, {"nombre": "Sal", "cantidad": "1u"}, {"nombre": "Pimienta", "cantidad": "1u"}, {"nombre": "Comino", "cantidad": "1u"}, {"nombre": "Azafran", "cantidad": "1u"}, {"nombre": "Ajo", "cantidad": "1u"}, {"nombre": "Perejil", "cantidad": "1u"}, {"nombre": "Pimenton", "cantidad": "1u"}, {"nombre": "Caldo de pollo", "cantidad": "1u"}, {"nombre": "Tomate frito", "cantidad": "150gr"}], "paso": [{"descripcion": "Condimentar el pollo "}, {"descripcion": "Freir el pollo"}, {"descripcion": "Freir verduras"}, {"descripcion": "A\u00f1adir el arroz y mover 1 minuto"}, {"descripcion": "Echar caldo de pollo y agua"}, {"descripcion": "Cocinar durante 12 minutos"}, {"descripcion": "Dejar reposar 2 minutos"}]}, {"nombre": "Tallarines carbonara", "ingrediente": [{"nombre": "Tallarines", "cantidad": "100gr"}, {"nombre": "Cebolla", "cantidad": "100gr"}, {"nombre": "Champi\u00f1ones", "cantidad": "150gr"}, {"nombre": "Nata", "cantidad": "100ml"}, {"nombre": "Sal", "cantidad": "1u"}, {"nombre": "Pimienta", "cantidad": "1u"}], "paso": [{"descripcion": "Cocer los tallarines durante 10 minutos"}, {"descripcion": "Freir cebolla y champi\u00f1ones"}, {"descripcion": "A\u00f1adir la nata, sal, pimienta y tallarines"}, {"descripcion": "Mezclar en la sarten y servir"}]}, {"nombre": "Albondigas de merluza", "ingrediente": [{"nombre": "Merluza", "cantidad": "500gr"}, {"nombre": "Huevo", "cantidad": "1u"}, {"nombre": "Ajo", "cantidad": "1u"}, {"nombre": "Perejil", "cantidad": "1u"}, {"nombre": "Sal", "cantidad": "1u"}, {"nombre": "Pan rallado", "cantidad": "4 cucharadas"}, {"nombre": "Harina", "cantidad": "1u"}, {"nombre": "Cebolla", "cantidad": "1u"}, {"nombre": "Zanahoria", "cantidad": "1u"}, {"nombre": "Tomate frito", "cantidad": "200gr"}], "paso": [{"descripcion": "Mezclar la merluza, el huevo, ajo, perejil y sal"}, {"descripcion": "A\u00f1adir pan rallado"}, {"descripcion": "Hacer albondigas y rebozar en harina"}, {"descripcion": "Freir las albondigas"}, {"descripcion": "Para hacer la salsa freir la cebolla y zanahoria"}, {"descripcion": "A\u00f1adir el tomate a las verduras"}, {"descripcion": "Ba\u00f1ar las albondigas en la salsa"}]}, {"nombre": "Berenjenas rellenas", "ingrediente": [{"nombre": "Berenjena", "cantidad": "1u"}, {"nombre": "Aceite", "cantidad": "1u"}, {"nombre": "Oregano", "cantidad": "1u"}, {"nombre": "Ajo", "cantidad": "1u"}, {"nombre": "Atun", "cantidad": "1u"}, {"nombre": "Tomate frito", "cantidad": "100gr"}, {"nombre": "Queso", "cantidad": "50gr"}], "paso": [{"descripcion": "Cortar berenjena por la mitad y hacer cortes en la superficie"}, {"descripcion": "A\u00f1adir aceite a la berenjena y especiar con oregano y ajo"}, {"descripcion": "Hornear durante 20 minutos"}, {"descripcion": "Vaciar relleno en un recipiente y a\u00f1adirle atun y tomate"}, {"descripcion": "Rellenar la berenjena con la mezcla y a\u00f1adir queso por encima"}]}, {"nombre": "Calamares encebollados", "ingrediente": [{"nombre": "Cebolla", "cantidad": "1u"}, {"nombre": "Calamares", "cantidad": "350gr"}, {"nombre": "Tomate frito", "cantidad": "150gr"}, {"nombre": "Pimienta negra", "cantidad": "1u"}, {"nombre": "Ajo", "cantidad": "1u"}, {"nombre": "Perejil", "cantidad": "1u"}, {"nombre": "Agual", "cantidad": "1/2 vaso"}], "paso": [{"descripcion": "Freir cebolla"}, {"descripcion": "Limpiar calamares y cortar en dos"}, {"descripcion": "Freir calamares"}, {"descripcion": "A\u00f1adir la cebolla"}, {"descripcion": "Opcional 25ml de vino"}, {"descripcion": "A\u00f1adir el tomate frito"}, {"descripcion": "Especiar con pimienta, ajo y perejil"}, {"descripcion": "Verter 1/2 vaso de agua"}]}, {"nombre": "Garbanzos con espinacas", "ingrediente": [{"nombre": "Garbanzos", "cantidad": "300gr"}, {"nombre": "Espinacas", "cantidad": "300gr"}, {"nombre": "Sal", "cantidad": "1u"}, {"nombre": "Ajo", "cantidad": "1u"}, {"nombre": "Comino", "cantidad": "1u"}, {"nombre": "Pimienta", "cantidad": "1u"}, {"nombre": "Pimentos", "cantidad": "1u"}, {"nombre": "Pan", "cantidad": "50gr"}], "paso": [{"descripcion": "Hervir espinacas 5 minutos"}, {"descripcion": "Escurrir bien las espinacas"}, {"descripcion": "Hacer mezcla en un recipiente de sal, cominio, pimienta, piment\u00f3n, pan, ajo y caldo de las espinacas"}, {"descripcion": "Freir espinacas 2 minutos"}, {"descripcion": "A\u00f1adir garbanzos y salsa"}, {"descripcion": "Hervir en fuego 2 minutos"}]}, {"nombre": "Tarta 3 chocolates", "ingrediente": [{"nombre": "Chocolate negro", "cantidad": "50gr"}, {"nombre": "Chocolate con leche", "cantidad": "50gr"}, {"nombre": "Chocolate blanco", "cantidad": "50gr"}, {"nombre": "Leche", "cantidad": "1u"}, {"nombre": "Gelatina", "cantidad": "1u"}], "paso": [{"descripcion": "A\u00f1adir 150ml de leche y chocolate negro"}, {"descripcion": "A\u00f1adir 5 gramos de gelatina ya hidratada"}, {"descripcion": "Dejarlo en la nevera 20 minutos"}, {"descripcion": "Mismo procedimiento para el chocolate con leche y chocolate blanco"}, {"descripcion": "Dejar en nevera 4 horas"}]}, {"nombre": "Salmon a la naranja", "ingrediente": [{"nombre": "Salmon", "cantidad": "300gr"}, {"nombre": "Ajo", "cantidad": "1u"}, {"nombre": "Genjibre", "cantidad": "1u"}, {"nombre": "Caldo de pescado", "cantidad": "1u"}, {"nombre": "Naranja", "cantidad": "1u"}, {"nombre": "Limon", "cantidad": "1u"}, {"nombre": "Miel", "cantidad": "1 cucharada"}, {"nombre": "Sal", "cantidad": "1u"}, {"nombre": "Pimienta", "cantidad": "1u"}, {"nombre": "Maicena", "cantidad": "1 cucharada"}], "paso": [{"descripcion": "Freir el salmon"}, {"descripcion": "A\u00f1adir caldo de pescardo, genjibre y ajo"}, {"descripcion": "A\u00f1adir zumo de 1 naranja"}, {"descripcion": "A\u00f1adir zumo de 1/2 limon"}, {"descripcion": "A\u00f1adir 1 cucharada de miel"}, {"descripcion": "Condimentar con sal y pimienta"}, {"descripcion": "Diluir 1 cucharada de maicena en zumo de naranja"}, {"descripcion": "Mezclar y a\u00f1adir el salmon"}]}, {"nombre": "Pollo miel mostaza", "ingrediente": [{"nombre": "Pollo", "cantidad": "300gr"}, {"nombre": "Sal", "cantidad": "1u"}, {"nombre": "Pimienta", "cantidad": "1u"}, {"nombre": "Pimenton", "cantidad": "1u"}, {"nombre": "Cebolla", "cantidad": "120gr"}, {"nombre": "Ajo", "cantidad": "1u"}, {"nombre": "Nata", "cantidad": "100ml"}, {"nombre": "Mostaza", "cantidad": "1 cucharda"}, {"nombre": "Miel", "cantidad": "1 cucharada"}, {"nombre": "Perejil", "cantidad": "1u"}], "paso": [{"descripcion": "Condimentar pechugas con sal, pimienta, ajo y pimenton"}, {"descripcion": "Freir pechugas"}, {"descripcion": "Freir cebolla"}, {"descripcion": "A\u00f1adir nata, mostaza y miel a la cebolla"}, {"descripcion": "Poner las pechugas en la salsa"}, {"descripcion": "A\u00f1adir perejil"}]}, {"nombre": "Tortilla de patatas", "ingrediente": [{"nombre": "Patatas", "cantidad": "250gr"}, {"nombre": "Huevos", "cantidad": "2u"}, {"nombre": "Cebolla", "cantidad": "100gr"}], "paso": [{"descripcion": "Freir cebolla a fuego lento 20 minutos"}, {"descripcion": "Pelar patatas, cortar en l\u00e1minas y dejar en remojo 15 minutos"}, {"descripcion": "Freir patatas"}, {"descripcion": "En un recipiento mezclar cebolla, patatas y huevos batidos"}, {"descripcion": "Freir la tortilla 3 minutos y darle la vuelta otros 3 minutos"}]}, {"nombre": "Croquetas bacon queso", "ingrediente": [{"nombre": "Aceite", "cantidad": "1u"}, {"nombre": "Cebolla", "cantidad": "100gr"}, {"nombre": "Mantequilla", "cantidad": "25gr"}, {"nombre": "Harina", "cantidad": "75gr"}, {"nombre": "Leche", "cantidad": "250ml"}, {"nombre": "Queso", "cantidad": "50gr"}, {"nombre": "Bacon", "cantidad": "50gr"}, {"nombre": "Huevo", "cantidad": "1u"}, {"nombre": "Pan rallado", "cantidad": "50gr"}], "paso": [{"descripcion": "Sofreir cebolla"}, {"descripcion": "Derretir manquetilla y cebolla"}, {"descripcion": "A\u00f1adir harina"}, {"descripcion": "A\u00f1adir leche"}, {"descripcion": "Mezclar y a\u00f1adir bacon y leche"}, {"descripcion": "Poner la masa en la nevera 30 minutos"}, {"descripcion": "Dar forma a la masa y pasar por huevo batido y pan rallado"}, {"descripcion": "Freir croqueta"}]}, {"nombre": "Cebolla caramelizada", "ingrediente": [{"nombre": "Cebolla", "cantidad": "1u"}, {"nombre": "Sal", "cantidad": "1u"}, {"nombre": "Mantequilla", "cantidad": "25gr"}], "paso": [{"descripcion": "Cortar cebollas en l\u00e1minas"}, {"descripcion": "Poner mantequilla en sart\u00e9n y derretir"}, {"descripcion": "Echar cebolla y sal"}, {"descripcion": "Freir a fuego lento 60 minutos"}, {"descripcion": "Hasta obtener color marron"}, {"descripcion": "Conservar en un tarro hasta 30 dias"}]}, {"nombre": "Hamburguesa", "ingrediente": [{"nombre": "Queso gouda", "cantidad": "2 lonchas"}, {"nombre": "Bacon", "cantidad": "50gr"}, {"nombre": "Mantequilla", "cantidad": "25gr"}, {"nombre": "Pan de hamburguesa", "cantidad": "1u"}, {"nombre": "Carne picada", "cantidad": "180gr"}], "paso": [{"descripcion": "Freir bacon"}, {"descripcion": "Derretir mantequilla en la sarten"}, {"descripcion": "Tostar pan"}, {"descripcion": "Formar una hamburguesa con la carne picada"}, {"descripcion": "Echar en sarten y a\u00f1adir sal y pimienta"}, {"descripcion": "Dar la vuelta y echar queso"}, {"descripcion": "Verter un poco agua y tapar"}, {"descripcion": "Montar hamburguesa"}]}]